Weekslong boil water notice lifted in Mississippi capital,https://www.politico.com/news/2022/09/15/weekslong-boil-water-notice-lifted-jackson-mississippi-00057032,06/08/23 04:24 PM EDT
Glencore moves to take full ownership of PolyMet mine developer,https://subscriber.politicopro.com/eenews/article/eenews/2023/07/05/glencore-moves-to-take-full-ownership-of-polymet-mine-developer-00104718,07/05/23 12:35 PM EDT
 WTO members strike investment deal without U.S. ,https://subscriber.politicopro.com/newsletter/2023/07/wto-members-strike-investment-deal-without-u-s-00105086,07/07/23 05:45 AM EDT
Rio Tinto invests nearly $1B in Utah copper project,https://subscriber.politicopro.com/eenews/article/eenews/2023/06/20/rio-tinto-invests-nearly-1b-in-utah-copper-project-00102655,06/20/23 01:27 PM EDT
The session that won't end,https://www.politico.com/newsletters/new-york-playbook/2023/06/12/the-session-that-wont-end-00101483,06/12/23 07:17 AM EDT
White House touts mineral dealmaking with E.U. U.K. ,https://subscriber.politicopro.com/eenews/article/eenews/2023/06/08/podesta-touts-mineral-dealmaking-with-e-u-u-k-to-combat-china-00101023,06/08/23 02:22 PM EDT
Pebble mine developers agree to $6M settlement,https://subscriber.politicopro.com/eenews/article/eenews/2023/06/08/pebble-mine-developers-agree-to-6m-settlement-00101086,06/08/23 04:24 PM EDT
EPA lifts drinking water order for Mich. city,https://subscriber.politicopro.com/eenews/article/eenews/2023/06/09/epa-lifts-drinking-water-order-for-mich-city-00101243,06/09/23 02:02 PM EDT
Montana kids' climate case set to make history,https://subscriber.politicopro.com/eenews/article/eenews/2023/06/09/montana-kids-climate-case-set-to-make-history-00100378,06/09/23 06:56 AM EDT
Highlights of the EPA's Unified Agenda for Spring 2023,https://chemicals.agencyiq.com/article/2023/06/14/highlights-of-the-epas-unified-agenda-for-spring-2023-00102063,06/14/23 07:11 PM EDT
