2023년 칠레 경제사회 지원 정책 발표.주칠레 대한민국 대사관.2023-01-09.pdf,2023년 칠레 경제사회 지원 정책 발표,주칠레 대한민국 대사관,2023-01-09
23년 1분기 6대 전략광물 시장전망.KOMIS.2023-02-28.pdf,23년 1분기 6대 전략광물 시장전망,KOMIS,2023-02-28
23년 2분기 6대 전략광물 시장전망.KOMIS.2023-05-31.pdf,23년 2분기 6대 전략광물 시장전망,KOMIS,2023-05-31
경기민감 원자재가격 상승 배경 및 시사점.국제금융센터.2023-02-13.pdf,경기민감 원자재가격 상승 배경 및 시사점,국제금융센터,2023-02-13
구리 등 세계 금속가격 공급부족 中 일상회복 기대에 강세.무역협회.2023-02-13.pdf,구리 등 세계 금속가격 공급부족 中 일상회복 기대에 강세,무역협회,2023-02-13
구리가 보여주는 경제지표 세계 경제 둔화 시작되나.FORTUNE KOREA.2023-05-26.pdf,구리가 보여주는 경제지표 세계 경제 둔화 시작되나,FORTUNE KOREA,2023-05-26
국제구리협회(ICA)2050 넷제로 로드맵 개발.철강금속신문.2023-03-08.pdf,국제구리협회(ICA)2050 넷제로 로드맵 개발,철강금속신문,2023-03-08
국제원자재시장  국제농산물 가격 Weather Market 본격화 가능성에 주목할 필요.국제금융센터.2023-07-04.pdf,국제원자재시장  국제농산물 가격 Weather Market 본격화 가능성에 주목할 필요,국제금융센터,2023-07-04
국제원자재시장  국제원자재 가격 글로벌 거시경제 여건 개선 전까지 관망세 예상.국제금융센터.2023-06-01.pdf,국제원자재시장  국제원자재 가격 글로벌 거시경제 여건 개선 전까지 관망세 예상,국제금융센터,2023-06-01
국제원자재시장  국제원자재가격  당분간 방향성 모색의 시간이 필요.국제금융센터.2023-05-02.pdf,국제원자재시장  국제원자재가격  당분간 방향성 모색의 시간이 필요,국제금융센터,2023-05-02
국제원자재시장 국제원자재 가격 당분간 방향성 탐색국면 예상.국제금융센터.2023-03-03.pdf,국제원자재시장 국제원자재 가격 당분간 방향성 탐색국면 예상,국제금융센터,2023-03-03
국제원자재시장 국제유가 제한된 범위 내 반등 시도 지속 예상.국제금융센터.2023-02-01.pdf,국제원자재시장 국제유가 제한된 범위 내 반등 시도 지속 예상,국제금융센터,2023-02-01
국제원자재시장 국제유가 제한된 범위 내에서 저점을 높여 나갈 가능성.국제금융센터.2023-01-02.pdf,국제원자재시장 국제유가 제한된 범위 내에서 저점을 높여 나갈 가능성,국제금융센터,2023-01-02
엘니뇨의 기후 경제 리스크.국제금융센터.2023-06-14.pdf,엘니뇨의 기후 경제 리스크,국제금융센터,2023-06-14
칠레 경제 활동 지수 4개월 연속 하락 고금리에 투자 및 생산 둔화.KOTRA.2023-07-05.pdf,칠레 경제 활동 지수 4개월 연속 하락 고금리에 투자 및 생산 둔화,KOTRA,2023-07-05
칠레 광업로열티 법안 하원 최종 통과.주칠레 대한민국 대사관.2023-05-17.pdf,칠레 광업로열티 법안 하원 최종 통과,주칠레 대한민국 대사관,2023-05-17
칠레 구리 수출 회복 가격 하락은 향후 무역 수지에 변수 될 수도.KOTRA.2023-04-12.pdf,칠레 구리 수출 회복 가격 하락은 향후 무역 수지에 변수 될 수도,KOTRA,2023-04-12
칠레 국영 광업 기업 2023년 1분기 수익 급감 투자 확대는 계속.KOTRA.2023-05-04.pdf,칠레 국영 광업 기업 2023년 1분기 수익 급감 투자 확대는 계속,KOTRA,2023-05-04
칠레 대통령 산티아고 발파라이소 철도 프로젝트 추진 발표.주칠레 대한민국 대사관.2023-01-24.pdf,칠레 대통령 산티아고 발파라이소 철도 프로젝트 추진 발표,주칠레 대한민국 대사관,2023-01-24
칠레 정부 광업 로열티 법안 조정 가능성 시사 세율 인하 고려.KOTRA.2023-04-18.pdf,칠레 정부 광업 로열티 법안 조정 가능성 시사 세율 인하 고려,KOTRA,2023-04-18
칠레 코델코 2023년 구리 생산 부진 계속 전망 원인은 폭우.KOTRA.2023-07-07.pdf,칠레 코델코 2023년 구리 생산 부진 계속 전망 원인은 폭우,KOTRA,2023-07-07
칠레 코델코 엘터니엔테 구리 광산 지속가능한 개발 인증서 획득.KOTRA.2023-03-16.pdf,칠레 코델코 엘터니엔테 구리 광산 지속가능한 개발 인증서 획득,KOTRA,2023-03-16
칠레 폭우 피해 계속 농업 비상사태 선포에 물류 차질.KOTRA.2023-06-29.pdf,칠레 폭우 피해 계속 농업 비상사태 선포에 물류 차질,KOTRA,2023-06-29
칠레 하원 광업 세제 개정안 승인 정부 세수 확대 기대.KOTRA.2023-05-19.pdf,칠레 하원 광업 세제 개정안 승인 정부 세수 확대 기대,KOTRA,2023-05-19
하반기 엘니뇨에 따른 애그플레이션(Agflation) 우려.국제금융센터.2023-02-24.pdf,하반기 엘니뇨에 따른 애그플레이션(Agflation) 우려,국제금융센터,2023-02-24
